PassengerId,Pclass,Name,Sex,Age,SibSp,Parch,Ticket,Fare,Cabin,Embarked,Survived
1,2,Passenger_1,female,60.20231498571705,1,1,Ticket_1,12.692139958815007,,S,1
2,3,Passenger_2,female,,0,0,Ticket_2,37.50522475691838,,S,1
3,3,Passenger_3,male,40.3893352081303,0,0,Ticket_3,6.007998909551013,,S,0
4,3,Passenger_4,female,34.190096125690886,0,1,Ticket_4,6.9668675990622795,,S,1
5,1,Passenger_5,male,48.22437805158317,0,0,Ticket_5,1.4252131848780931,,S,1
6,1,Passenger_6,male,51.86115675417594,2,1,Ticket_6,37.27494744708694,,S,0
7,1,Passenger_7,female,,1,1,Ticket_7,45.421371061632456,,C,0
8,3,Passenger_8,male,19.452149815153433,1,0,Ticket_8,44.73271708998178,,S,0
9,3,Passenger_9,male,36.43961000114763,0,1,Ticket_9,83.50525000341396,,S,0
10,3,Passenger_10,male,20.511984823470513,0,0,Ticket_10,20.21713095716767,,S,0
11,1,Passenger_11,male,58.18742146537272,1,0,Ticket_11,78.90607364049083,,S,0
12,3,Passenger_12,male,31.911494635158324,0,1,Ticket_12,9.577632854426174,,C,1
13,3,Passenger_13,male,24.88549828163048,0,0,Ticket_13,1.4616816120469316,,C,0
14,1,Passenger_14,male,32.585524282108715,3,0,Ticket_14,34.22203081960659,,S,1
15,1,Passenger_15,female,,0,0,Ticket_15,1.3984060451150777,,Q,1
16,1,Passenger_16,female,16.397403460850878,0,0,Ticket_16,14.94299247818556,,S,1
17,2,Passenger_17,male,,1,0,Ticket_17,38.335967799925044,,S,0
18,3,Passenger_18,male,20.80348009440046,0,1,Ticket_18,17.977312661902065,,S,0
19,2,Passenger_19,male,15.343246242452846,1,0,Ticket_19,187.52115856028567,,C,0
20,2,Passenger_20,male,37.513138535382005,1,0,Ticket_20,1.1512924801084494,,C,1
21,3,Passenger_21,male,46.59985816528196,1,0,Ticket_21,11.029430422103857,,S,0
22,1,Passenger_22,male,40.065346349310936,0,1,Ticket_22,12.44036662454476,B,S,0
23,2,Passenger_23,male,43.94466760128143,0,0,Ticket_23,2.428021238740884,,S,0
24,2,Passenger_24,male,19.404868760027547,0,0,Ticket_24,3.0511563537103563,,S,1
25,3,Passenger_25,male,10.09465066561419,1,0,Ticket_25,4.41870058250228,,S,0
26,3,Passenger_26,male,51.01867112737681,0,0,Ticket_26,3.255751898998818,,S,1
27,1,Passenger_27,female,25.482482256210098,0,0,Ticket_27,10.701740799781193,,S,0
28,3,Passenger_28,female,26.488337769629336,0,2,Ticket_28,5.908796187059956,,S,1
29,3,Passenger_29,male,48.59471798588681,0,1,Ticket_29,17.840837317980057,E,C,0
30,1,Passenger_30,female,37.78722013160924,2,0,Ticket_30,26.55761594423352,E,C,1
31,3,Passenger_31,male,36.38242880914251,1,0,Ticket_31,24.48681358561998,F,S,0
32,1,Passenger_32,female,,2,0,Ticket_32,7.4472773243673585,,S,1
33,1,Passenger_33,female,20.990744774678,1,0,Ticket_33,17.13924315180824,B,S,1
34,3,Passenger_34,male,42.98976179313732,1,0,Ticket_34,42.188796474673765,,Q,1
35,3,Passenger_35,male,30.798183748559183,0,0,Ticket_35,20.794270614402976,,S,0
36,3,Passenger_36,male,33.7602919040856,0,0,Ticket_36,113.38320013170834,,C,0
37,2,Passenger_37,male,51.39855796977544,2,0,Ticket_37,39.591513277569454,G,S,1
38,1,Passenger_38,male,37.109700588054736,1,1,Ticket_38,95.78331330432323,,S,0
39,3,Passenger_39,male,37.53614510669486,1,0,Ticket_39,0.6121292943434636,,S,0
40,2,Passenger_40,male,,0,0,Ticket_40,13.681045645779104,,S,1
41,1,Passenger_41,female,,0,0,Ticket_41,8.258814042687025,,S,0
42,3,Passenger_42,female,18.251064657253913,1,1,Ticket_42,10.485824774873747,,S,0
43,1,Passenger_43,male,15.37267128370553,0,0,Ticket_43,4.636912317318514,,S,1
44,3,Passenger_44,male,2.4710077487359747,0,1,Ticket_44,19.598230478683565,,S,0
45,2,Passenger_45,male,,1,0,Ticket_45,1.390929572890441,,S,0
46,3,Passenger_46,male,14.555082879896435,2,0,Ticket_46,19.769181504603655,,Q,1
47,2,Passenger_47,female,26.90244926979919,0,1,Ticket_47,4.825655284281462,,C,1
48,3,Passenger_48,male,26.12461380155511,1,0,Ticket_48,6.6827975303984,,C,0
49,3,Passenger_49,male,,0,0,Ticket_49,20.618776133954984,,Q,0
50,1,Passenger_50,male,,1,0,Ticket_50,13.390336277154558,,S,1
51,3,Passenger_51,male,42.04662883703644,0,0,Ticket_51,43.15097848732507,,S,1
52,3,Passenger_52,female,,2,0,Ticket_52,3.8060647943174453,,S,0
53,3,Passenger_53,female,27.66029600699024,1,0,Ticket_53,11.057989709692126,,S,0
54,3,Passenger_54,male,33.95611930683619,0,2,Ticket_54,35.39348417742111,,S,0
55,3,Passenger_55,male,,0,1,Ticket_55,18.792158701836218,,S,0
56,3,Passenger_56,male,,1,0,Ticket_56,20.301872113904633,G,S,1
57,1,Passenger_57,female,36.87364932293552,0,0,Ticket_57,46.04648501601763,,Q,1
58,1,Passenger_58,female,,0,1,Ticket_58,7.482066780369862,,C,1
59,1,Passenger_59,male,39.28033776134378,1,0,Ticket_59,5.811292151651547,,S,1
60,2,Passenger_60,male,46.428634004794546,1,1,Ticket_60,24.31480257426066,D,S,0
61,2,Passenger_61,female,32.5343018218519,1,2,Ticket_61,10.182618690419305,,C,0
62,2,Passenger_62,male,11.844352728618148,2,1,Ticket_62,46.83563202273909,,C,0
63,3,Passenger_63,female,,1,0,Ticket_63,18.9864985614095,,S,0
64,2,Passenger_64,male,20.881003486914395,0,0,Ticket_64,5.766003369855936,C,Q,1
65,2,Passenger_65,male,22.599366455503404,0,0,Ticket_65,18.28463029149715,,S,1
66,3,Passenger_66,male,38.20909626257131,0,1,Ticket_66,4.1237395230998555,,S,0
67,1,Passenger_67,male,47.335963000070905,0,0,Ticket_67,37.95169481603357,,S,1
68,3,Passenger_68,male,30.29780207430486,1,2,Ticket_68,2.2782719345227416,,S,0
69,1,Passenger_69,female,34.3236621763855,1,1,Ticket_69,52.79826493197407,,S,1
70,3,Passenger_70,male,,0,1,Ticket_70,17.90449526464677,,S,0
71,3,Passenger_71,male,33.370544512839956,1,0,Ticket_71,9.999417451556246,,S,1
72,1,Passenger_72,male,66.42356359852553,0,0,Ticket_72,30.447411463107755,,S,1
73,1,Passenger_73,male,37.91713503884162,1,0,Ticket_73,22.50172500127188,,C,1
74,3,Passenger_74,male,,0,0,Ticket_74,60.1269417299736,,S,0
75,3,Passenger_75,male,40.546782695463456,0,0,Ticket_75,59.458232188567266,,S,0
76,3,Passenger_76,female,35.33621738835889,1,0,Ticket_76,18.592318898855076,,S,0
77,3,Passenger_77,male,,1,1,Ticket_77,4.27966687812188,B,S,0
78,1,Passenger_78,male,39.424538917779415,0,0,Ticket_78,6.361022910886511,,S,0
79,2,Passenger_79,male,28.061616224227166,0,0,Ticket_79,11.178851529756175,,C,0
80,1,Passenger_80,female,12.85982469194888,1,0,Ticket_80,44.61481743231348,C,S,0
81,3,Passenger_81,female,,0,2,Ticket_81,7.045127523011846,,S,0
82,3,Passenger_82,female,18.0927136410698,0,0,Ticket_82,7.787122248208121,B,S,0
83,2,Passenger_83,male,21.872671702733882,0,1,Ticket_83,111.94646378777594,,S,0
84,1,Passenger_84,male,38.240097661888534,1,1,Ticket_84,10.749312363554033,G,C,1
85,2,Passenger_85,male,53.37866306091969,0,1,Ticket_85,5.687789770736062,,S,1
86,2,Passenger_86,male,35.525401417521735,0,0,Ticket_86,30.937691619550524,,C,1
87,3,Passenger_87,male,13.257637131507419,1,1,Ticket_87,11.388896168740226,F,S,0
88,3,Passenger_88,male,36.22443735508197,0,0,Ticket_88,2.2990155369213587,,S,0
89,3,Passenger_89,male,46.752840813039114,1,0,Ticket_89,42.482698518753146,,C,1
90,3,Passenger_90,male,21.46303933952865,0,0,Ticket_90,4.970660929952719,,S,0
91,1,Passenger_91,female,28.123759666579154,0,0,Ticket_91,12.836628912914602,D,C,1
92,3,Passenger_92,male,30.20563472620876,0,0,Ticket_92,11.22600613989584,,C,0
93,3,Passenger_93,male,19.01142361684864,0,0,Ticket_93,16.056622931414044,A,S,1
94,3,Passenger_94,female,39.075926073814024,0,0,Ticket_94,0.8787200779995737,,S,0
95,3,Passenger_95,male,,0,1,Ticket_95,8.148881067050919,,S,1
96,3,Passenger_96,female,35.87345421469839,0,0,Ticket_96,46.98387567667712,F,S,1
97,3,Passenger_97,male,17.5751095107706,0,0,Ticket_97,55.61954253095025,,S,0
98,2,Passenger_98,male,23.875583795472252,2,0,Ticket_98,3.7078475833008633,,S,1
99,1,Passenger_99,female,,0,0,Ticket_99,36.77130888604588,,C,1
100,1,Passenger_100,female,24.780335870715263,0,0,Ticket_100,4.885561852223859,,C,0
101,1,Passenger_101,female,54.17749391726767,1,0,Ticket_101,7.772262365542694,,S,0
102,3,Passenger_102,male,,0,0,Ticket_102,8.278143764631647,F,S,0
103,2,Passenger_103,male,33.145586160526406,0,0,Ticket_103,13.881603184940895,,S,0
104,3,Passenger_104,male,43.05627164622326,1,0,Ticket_104,40.51368213478068,,S,0
105,3,Passenger_105,male,10.142879738937555,0,0,Ticket_105,16.7349850819531,D,S,0
106,2,Passenger_106,female,,0,0,Ticket_106,10.471338808362033,,C,0
107,2,Passenger_107,male,8.640811596018672,1,0,Ticket_107,38.891412956854566,,Q,1
108,3,Passenger_108,female,47.67617744798055,1,0,Ticket_108,4.6497168799786674,F,S,0
109,1,Passenger_109,male,22.273985957505744,1,1,Ticket_109,11.104373812169813,,S,1
110,1,Passenger_110,male,65.81478999935553,0,0,Ticket_110,40.243056274102685,,S,0
111,2,Passenger_111,male,22.10053361879656,0,0,Ticket_111,22.992485706808143,,C,0
112,1,Passenger_112,female,,2,0,Ticket_112,6.9617802665739505,,S,0
113,3,Passenger_113,female,51.58953933595026,0,0,Ticket_113,1.9826847886199808,,Q,0
114,3,Passenger_114,female,58.08530043422772,3,0,Ticket_114,17.69053638276672,,C,0
115,3,Passenger_115,female,,0,1,Ticket_115,1.8323325225370053,,S,0
116,3,Passenger_116,female,46.917127228304,1,1,Ticket_116,9.440400096570967,,S,0
117,3,Passenger_117,female,,0,0,Ticket_117,50.1359381403175,,S,1
118,1,Passenger_118,male,38.29537728881657,0,0,Ticket_118,24.930959275662342,,C,1
119,3,Passenger_119,male,40.897055066332925,0,0,Ticket_119,1.0742419245841826,,S,0
120,3,Passenger_120,male,,0,0,Ticket_120,15.495378299062395,,S,0
121,3,Passenger_121,female,18.5452156320877,0,0,Ticket_121,8.306149154409907,,S,0
122,3,Passenger_122,female,29.95275759624667,1,0,Ticket_122,2.6420076962346917,,S,1
123,2,Passenger_123,male,27.617415284651003,1,2,Ticket_123,18.210995408075803,,C,1
124,1,Passenger_124,female,,2,0,Ticket_124,6.752511984121384,,S,1
125,1,Passenger_125,female,39.749424264394015,0,0,Ticket_125,6.802969129890667,E,S,0
126,2,Passenger_126,male,43.37427291998715,0,0,Ticket_126,14.137829417057462,C,Q,1
127,3,Passenger_127,male,31.237696408085863,0,0,Ticket_127,5.748497767895598,,S,1
128,3,Passenger_128,female,50.68542113477366,2,0,Ticket_128,13.665617415863485,,C,0
129,1,Passenger_129,male,14.016352402130929,0,0,Ticket_129,5.97754609921807,,S,1
130,3,Passenger_130,female,,0,0,Ticket_130,6.384328063710191,,S,1
131,2,Passenger_131,male,19.964487511560733,1,2,Ticket_131,40.10558988214317,,Q,0
132,1,Passenger_132,female,,0,0,Ticket_132,45.3135436060828,,S,1
133,1,Passenger_133,female,28.84247039820221,1,0,Ticket_133,1.567708350119972,,S,1
134,2,Passenger_134,female,28.29553488263403,0,0,Ticket_134,29.859033163926796,,S,0
135,3,Passenger_135,male,51.188296405389835,1,0,Ticket_135,65.25542637311489,,S,0
136,2,Passenger_136,female,,0,0,Ticket_136,78.95295595775488,,S,1
137,3,Passenger_137,female,15.661384459391131,2,1,Ticket_137,22.747509595203105,,S,1
138,3,Passenger_138,male,55.95729592867863,0,0,Ticket_138,3.4250722648138408,,S,0
139,2,Passenger_139,female,47.09447173735494,0,0,Ticket_139,25.944950590319994,,C,0
140,3,Passenger_140,male,38.14936784856062,0,0,Ticket_140,4.292619590507298,,S,0
141,3,Passenger_141,male,26.829222616102353,0,0,Ticket_141,8.072327064375909,,S,0
142,2,Passenger_142,male,16.567850685871285,0,0,Ticket_142,19.292156000508953,,S,0
143,3,Passenger_143,male,24.789105135005258,0,0,Ticket_143,4.638025718821023,,S,0
144,2,Passenger_144,male,45.2424806758586,1,0,Ticket_144,3.078121880507634,,S,1
145,2,Passenger_145,female,56.384208283084526,1,1,Ticket_145,21.30470589155673,,S,0
146,1,Passenger_146,male,51.605409395810646,3,1,Ticket_146,114.51078894793652,,S,1
147,3,Passenger_147,female,23.156108094992163,1,0,Ticket_147,54.15667294352256,,S,1
148,3,Passenger_148,male,,0,0,Ticket_148,28.46352440288652,,S,0
149,1,Passenger_149,male,31.972407456756855,1,0,Ticket_149,39.44954535777297,,S,0
150,2,Passenger_150,male,5.2418488821200775,1,0,Ticket_150,26.18700765176336,,S,1
151,3,Passenger_151,female,,0,1,Ticket_151,20.9027405107575,,S,1
152,1,Passenger_152,male,27.93356379181864,0,0,Ticket_152,35.81409057743834,,C,0
153,1,Passenger_153,male,23.47548897384461,1,0,Ticket_153,2.358354876037866,,S,0
154,3,Passenger_154,female,7.674157058264864,0,1,Ticket_154,15.477422657891342,,S,0
155,3,Passenger_155,male,37.19040149197603,0,0,Ticket_155,11.05477158613838,A,C,0
156,2,Passenger_156,male,22.54218824473324,0,0,Ticket_156,13.392346638010274,,C,0
157,3,Passenger_157,male,,1,2,Ticket_157,7.003103040312242,,S,0
158,3,Passenger_158,female,0.0,1,2,Ticket_158,22.750461109228656,,S,0
159,1,Passenger_159,male,29.61479132929109,1,0,Ticket_159,4.565309856822588,F,S,1
160,3,Passenger_160,female,54.81152235337642,1,0,Ticket_160,6.41971731454155,D,Q,1
161,2,Passenger_161,male,53.257629003670175,0,1,Ticket_161,5.558587913519592,,C,1
162,3,Passenger_162,female,,2,1,Ticket_162,34.3546013551657,A,S,0
163,3,Passenger_163,female,21.56903115493507,1,1,Ticket_163,12.012308064037237,,S,0
164,3,Passenger_164,female,36.562839585050334,0,0,Ticket_164,7.0076414701489576,,Q,0
165,1,Passenger_165,male,16.022603851363918,0,1,Ticket_165,7.782552474826851,F,S,0
166,3,Passenger_166,female,34.225086597472526,0,1,Ticket_166,12.239356963183235,,S,0
167,2,Passenger_167,male,40.725123897385664,0,1,Ticket_167,85.33715181512754,,C,0
168,1,Passenger_168,male,47.17706513438031,0,0,Ticket_168,2.762609202512937,,C,1
169,1,Passenger_169,male,28.59784292928066,0,0,Ticket_169,27.401890221911692,,C,1
170,3,Passenger_170,female,27.148567497522478,1,0,Ticket_170,21.460945729445996,,S,1
171,3,Passenger_171,female,17.708243785408143,1,0,Ticket_171,4.2225597579355565,,S,0
172,1,Passenger_172,female,18.42367504344196,1,1,Ticket_172,70.82754283801683,,S,0
173,3,Passenger_173,male,26.829295513378625,0,1,Ticket_173,23.269338297698773,,S,1
174,1,Passenger_174,male,35.14311709542649,0,0,Ticket_174,6.624136581937882,,S,0
175,3,Passenger_175,female,,0,0,Ticket_175,1.3082678480457501,,S,0
176,1,Passenger_176,male,18.755494690475174,0,4,Ticket_176,16.03824530331206,,S,1
177,3,Passenger_177,male,,1,0,Ticket_177,11.545610232716973,,C,0
178,2,Passenger_178,male,26.204269585404038,1,0,Ticket_178,3.5365245610309275,,S,0
179,3,Passenger_179,male,29.700857879121894,0,0,Ticket_179,3.4821945325563672,,S,1
180,1,Passenger_180,male,19.539036491930474,0,0,Ticket_180,34.54323889252069,,S,1
181,2,Passenger_181,male,0.0,0,0,Ticket_181,1.1655185685688927,B,S,1
182,1,Passenger_182,male,,0,0,Ticket_182,17.76338481948926,,Q,0
183,3,Passenger_183,male,40.31581455929407,0,0,Ticket_183,9.728654759267737,,S,0
184,3,Passenger_184,female,26.061414200345013,0,0,Ticket_184,22.122292134974693,,S,0
185,2,Passenger_185,male,30.93787004114821,0,0,Ticket_185,8.557721614269617,,S,1
186,3,Passenger_186,male,,0,0,Ticket_186,17.321178755794257,,S,0
187,3,Passenger_187,female,8.124358003588402,2,0,Ticket_187,4.996162843787754,,S,0
188,3,Passenger_188,male,22.59326251715187,2,0,Ticket_188,11.483992401420299,,S,1
189,3,Passenger_189,female,41.11970551470558,0,1,Ticket_189,21.909068848588763,E,S,0
190,2,Passenger_190,female,12.439948075630507,0,0,Ticket_190,14.60036086997735,,S,0
191,1,Passenger_191,male,34.10981105033281,2,1,Ticket_191,19.228012706830672,,S,0
192,3,Passenger_192,male,11.007854735272328,0,0,Ticket_192,4.000800398221516,,S,1
193,3,Passenger_193,female,36.53001975406937,0,1,Ticket_193,5.9965873099666815,,S,0
194,3,Passenger_194,female,29.50101924783523,0,1,Ticket_194,6.122632756198701,,S,0
195,2,Passenger_195,male,7.388154577322869,0,0,Ticket_195,8.742640784587893,,C,0
196,2,Passenger_196,male,46.3063509624004,1,0,Ticket_196,62.196544500115486,,C,1
197,3,Passenger_197,male,19.71571792482731,2,0,Ticket_197,7.964430921041936,,S,0
198,3,Passenger_198,female,18.656465881798667,0,0,Ticket_198,3.08863315467631,,S,0
199,3,Passenger_199,male,32.8079687612332,1,0,Ticket_199,23.335477112729286,D,S,1
200,3,Passenger_200,female,46.080922892002015,1,0,Ticket_200,61.31178757715628,D,S,0
201,3,Passenger_201,male,,1,0,Ticket_201,2.6819543873932545,D,C,0
202,1,Passenger_202,male,30.863517897871603,0,0,Ticket_202,129.9790008729918,E,S,1
203,1,Passenger_203,male,,0,0,Ticket_203,20.049654522130382,,S,0
204,3,Passenger_204,male,39.70347850168402,0,0,Ticket_204,42.12616090557318,,S,1
205,3,Passenger_205,male,,1,0,Ticket_205,70.84440278170264,,S,1
206,1,Passenger_206,male,24.861610252833486,0,1,Ticket_206,39.13985163155365,,S,1
207,1,Passenger_207,male,18.413736910917926,0,0,Ticket_207,10.669159432127994,F,C,0
208,3,Passenger_208,female,31.206014362649245,0,1,Ticket_208,52.522296413418154,,S,0
209,1,Passenger_209,male,14.990053832201504,0,0,Ticket_209,16.535667653975604,B,Q,1
210,1,Passenger_210,male,0.0,0,0,Ticket_210,45.08644603156717,C,S,0
211,3,Passenger_211,female,36.11183725820735,1,0,Ticket_211,51.41091893468488,E,S,1
212,3,Passenger_212,female,42.65508777520674,0,0,Ticket_212,3.290120176865109,E,S,0
213,3,Passenger_213,female,0.0,0,0,Ticket_213,31.600133914117244,,S,0
214,1,Passenger_214,female,15.863770134060875,0,0,Ticket_214,9.793605745606001,,S,1
215,3,Passenger_215,male,38.66815965407277,0,1,Ticket_215,14.379862123034039,,S,0
216,1,Passenger_216,male,58.80493657596378,1,0,Ticket_216,14.189628332432651,,Q,0
217,2,Passenger_217,female,,0,1,Ticket_217,13.52262571016597,,S,0
218,3,Passenger_218,female,19.807958822792116,0,1,Ticket_218,75.81001247883,,S,0
219,3,Passenger_219,male,27.43944982453224,0,1,Ticket_219,2.363781926764237,A,S,0
220,3,Passenger_220,female,49.24826986807459,0,2,Ticket_220,1.5421660771233254,,S,0
221,3,Passenger_221,male,20.956501492256507,1,0,Ticket_221,1.1972795170788866,,C,0
222,3,Passenger_222,male,18.81131190689645,0,0,Ticket_222,43.94650578832415,,C,1
223,1,Passenger_223,male,23.241590689451545,0,0,Ticket_223,4.8156691606031945,,S,1
224,2,Passenger_224,male,16.653399484378028,0,0,Ticket_224,14.27662755520219,,S,1
225,2,Passenger_225,male,31.717384423927136,0,0,Ticket_225,10.615757469853104,,S,1
226,2,Passenger_226,male,52.745498418573845,1,0,Ticket_226,4.205317648475992,,S,1
227,3,Passenger_227,female,34.52310982362441,0,0,Ticket_227,33.844370729361614,,C,1
228,2,Passenger_228,male,26.467050970231973,0,0,Ticket_228,10.454624727213254,,S,0
229,3,Passenger_229,male,,0,0,Ticket_229,9.158825111783688,,Q,1
230,3,Passenger_230,female,8.1153286782468,1,0,Ticket_230,16.110086544754093,,S,0
231,3,Passenger_231,female,42.363536880060224,0,0,Ticket_231,28.931370817395777,,C,0
232,3,Passenger_232,female,28.91027924182077,0,0,Ticket_232,3.8544507045037206,,S,0
233,3,Passenger_233,female,27.47328120973124,0,0,Ticket_233,34.726462931155,,Q,0
234,3,Passenger_234,female,74.70350594982804,0,0,Ticket_234,69.39565265750753,,S,0
235,1,Passenger_235,male,34.18254071711961,0,0,Ticket_235,2.2004307958420175,,S,0
236,3,Passenger_236,male,19.47492529866742,0,0,Ticket_236,17.0126770495973,,S,0
237,2,Passenger_237,male,24.030993653122394,1,1,Ticket_237,8.449382359701808,,S,0
238,1,Passenger_238,male,46.07823992875457,0,0,Ticket_238,28.193083921773066,,S,0
239,3,Passenger_239,male,,1,0,Ticket_239,2.8292423217197786,,C,0
240,1,Passenger_240,female,9.864108303556865,0,2,Ticket_240,86.03256357209573,,S,1
241,3,Passenger_241,male,42.86920508405285,0,0,Ticket_241,1.769197815522486,,S,0
242,3,Passenger_242,male,20.645982802454085,0,1,Ticket_242,9.08716403596037,,C,0
243,3,Passenger_243,male,,1,0,Ticket_243,20.51497877314628,,C,0
244,2,Passenger_244,female,,0,0,Ticket_244,5.346252155176612,,S,1
245,1,Passenger_245,male,,0,1,Ticket_245,4.427867724354614,,S,1
246,3,Passenger_246,female,47.934229064291586,1,2,Ticket_246,15.905783161687365,,S,0
247,2,Passenger_247,male,,0,1,Ticket_247,13.373991712903898,,S,0
248,3,Passenger_248,male,41.938831451711074,0,0,Ticket_248,12.269614048009831,,C,0
249,3,Passenger_249,male,36.78625944212265,1,1,Ticket_249,34.13851481914408,,C,0
250,3,Passenger_250,female,,2,0,Ticket_250,7.588491079483779,,S,0
251,2,Passenger_251,male,20.990302347555534,0,0,Ticket_251,17.87693223416092,,C,0
252,2,Passenger_252,female,44.41945144613626,0,1,Ticket_252,6.633128943626623,,S,0
253,3,Passenger_253,male,25.313145350508428,1,1,Ticket_253,4.396481742111103,,S,0
254,2,Passenger_254,male,24.348921514612044,0,1,Ticket_254,8.65631961751586,,Q,0
255,1,Passenger_255,female,16.628283889109056,2,0,Ticket_255,6.695808779570845,,S,1
256,3,Passenger_256,female,35.93038691830846,0,0,Ticket_256,7.10952503081882,,C,0
257,3,Passenger_257,female,58.87534886940403,0,0,Ticket_257,49.32311826020927,A,S,1
258,3,Passenger_258,female,,2,1,Ticket_258,8.980682262048541,,C,1
259,3,Passenger_259,female,30.33907239341861,0,1,Ticket_259,5.498701608921985,,S,0
260,1,Passenger_260,female,49.771087775816014,1,1,Ticket_260,12.599971207774864,,S,1
261,3,Passenger_261,female,28.885020522559987,0,1,Ticket_261,13.805589231675638,,S,0
262,3,Passenger_262,female,36.33320514749627,1,0,Ticket_262,2.9321692999243445,,S,0
263,1,Passenger_263,female,15.126490605943683,1,0,Ticket_263,8.515708133239531,D,C,1
264,3,Passenger_264,male,35.99629936090708,0,1,Ticket_264,8.113901385456598,G,S,0
265,3,Passenger_265,female,27.379980289936316,1,0,Ticket_265,9.90883587337091,,S,0
266,3,Passenger_266,male,43.80021993951808,1,0,Ticket_266,29.09697007567324,,S,0
267,3,Passenger_267,female,46.62340472190652,0,0,Ticket_267,14.353678422149576,,C,0
268,3,Passenger_268,female,66.2538909882606,0,0,Ticket_268,53.171621143248444,A,S,1
269,2,Passenger_269,male,38.11486442499006,0,0,Ticket_269,12.01321835260513,,C,0
270,2,Passenger_270,female,34.56114843215033,0,0,Ticket_270,102.64790524191386,,S,0
271,3,Passenger_271,male,32.7213802220827,0,1,Ticket_271,7.008123551343683,,Q,1
272,3,Passenger_272,male,25.055671900650363,0,0,Ticket_272,4.838114809105235,F,S,0
273,3,Passenger_273,female,,0,0,Ticket_273,23.49442619279449,,Q,0
274,3,Passenger_274,male,25.864380258053586,1,0,Ticket_274,62.608329287013625,,S,0
275,3,Passenger_275,female,32.3584536677746,1,2,Ticket_275,2.3289931145441543,,S,0
276,3,Passenger_276,female,,0,2,Ticket_276,9.617758392020438,,Q,1
277,3,Passenger_277,male,15.908404086085024,1,0,Ticket_277,5.853628151840448,,S,0
278,3,Passenger_278,male,45.95829985580664,0,1,Ticket_278,14.4605060923701,,C,0
279,3,Passenger_279,male,48.439610942758115,2,0,Ticket_279,12.329829736489579,,S,1
280,3,Passenger_280,male,28.347040622124897,0,0,Ticket_280,61.218993774065204,,S,1
281,3,Passenger_281,female,0.2940314138796758,1,0,Ticket_281,10.696475006543755,,S,1
282,2,Passenger_282,male,21.490492180677947,1,0,Ticket_282,63.4175678676982,,S,1
283,2,Passenger_283,male,48.157923651855526,1,0,Ticket_283,8.346811392559138,,S,0
284,1,Passenger_284,male,,0,0,Ticket_284,37.03184618410389,B,S,1
285,3,Passenger_285,male,16.00976874787125,1,2,Ticket_285,16.0289367195615,,C,0
286,1,Passenger_286,female,22.933151102804956,1,2,Ticket_286,97.11175982529058,,S,1
287,3,Passenger_287,male,41.768680371063745,0,0,Ticket_287,2.070069464870518,,S,0
288,3,Passenger_288,female,,2,1,Ticket_288,3.0143093682667685,,S,0
289,2,Passenger_289,male,26.65495061162428,1,1,Ticket_289,109.72165409859515,,Q,0
290,3,Passenger_290,female,24.864458234594373,1,0,Ticket_290,5.053504120038339,D,S,0
291,1,Passenger_291,male,24.515385913386496,0,0,Ticket_291,5.453382019833494,,S,1
292,1,Passenger_292,male,17.086257417020967,1,0,Ticket_292,4.259414448373225,,C,0
293,3,Passenger_293,female,,0,0,Ticket_293,48.333995218785454,,S,1
294,2,Passenger_294,male,25.487513431041243,1,0,Ticket_294,2.707026673549651,,S,0
295,1,Passenger_295,female,47.04021929155695,0,2,Ticket_295,12.515157312654635,D,S,1
296,3,Passenger_296,female,51.29842472691432,0,1,Ticket_296,8.857404836468913,,S,0
297,3,Passenger_297,male,,0,0,Ticket_297,42.25905710613473,,S,1
298,1,Passenger_298,male,23.957315621947323,0,1,Ticket_298,6.193998288294624,,C,1
299,3,Passenger_299,female,35.65222126471253,0,1,Ticket_299,20.05196381689388,,S,0
300,1,Passenger_300,male,,1,1,Ticket_300,2.9878097441913605,,C,0
301,1,Passenger_301,male,17.348173949778207,0,1,Ticket_301,186.55558664901875,,S,1
302,3,Passenger_302,male,,0,1,Ticket_302,9.13843559393581,E,S,1
303,3,Passenger_303,male,13.493442923762764,1,1,Ticket_303,12.31128328179398,,S,0
304,3,Passenger_304,male,46.627511438461894,1,0,Ticket_304,88.73951057095549,,S,1
305,3,Passenger_305,female,,1,1,Ticket_305,6.025453045560971,,C,0
306,3,Passenger_306,female,,1,1,Ticket_306,90.09447225634935,,S,0
307,3,Passenger_307,female,33.96603020164599,1,0,Ticket_307,7.4352677475154305,,S,1
308,2,Passenger_308,female,,0,1,Ticket_308,27.27683536557956,,Q,1
309,3,Passenger_309,male,38.213713220653844,0,0,Ticket_309,6.12747055981505,,S,0
310,2,Passenger_310,female,23.35134880728466,0,1,Ticket_310,2.3934988893585554,,S,0
311,2,Passenger_311,male,42.19816216440142,1,0,Ticket_311,20.035650678458087,,S,1
312,1,Passenger_312,male,11.156284476545522,0,0,Ticket_312,26.25572554306871,,C,0
313,1,Passenger_313,male,,0,2,Ticket_313,2.5116429712081643,,S,1
314,3,Passenger_314,male,57.14500598681599,1,0,Ticket_314,8.427751557748044,,C,0
315,3,Passenger_315,female,,1,1,Ticket_315,51.4654523209643,,Q,1
316,3,Passenger_316,female,20.511570412652077,0,1,Ticket_316,25.031692974123544,,Q,0
317,2,Passenger_317,male,37.19470989522481,0,1,Ticket_317,7.581734488809228,,C,1
318,1,Passenger_318,male,32.51414494715437,1,0,Ticket_318,5.947489263842463,,C,0
319,1,Passenger_319,female,,0,0,Ticket_319,126.20318533509177,,S,0
320,2,Passenger_320,male,36.84861982206729,0,1,Ticket_320,2.146162827549175,C,S,0
321,3,Passenger_321,male,38.88610055986478,0,1,Ticket_321,11.347094394960289,,C,0
322,3,Passenger_322,male,45.535797787387125,0,0,Ticket_322,2.1008956453006378,,C,0
323,3,Passenger_323,female,35.73746119699918,1,0,Ticket_323,59.014169365713826,,S,1
324,2,Passenger_324,female,26.622392835340406,0,0,Ticket_324,12.078797771775562,D,S,0
325,3,Passenger_325,male,39.41603181683824,0,1,Ticket_325,15.086629707185327,,Q,0
326,3,Passenger_326,male,56.59834708853302,1,1,Ticket_326,337.8732318900603,,C,0
327,3,Passenger_327,female,28.14312755064397,2,0,Ticket_327,5.976486115294366,,Q,0
328,3,Passenger_328,female,16.35658973461102,4,0,Ticket_328,99.31445176536496,,C,0
329,2,Passenger_329,male,45.49912937001762,0,0,Ticket_329,7.622631891961969,,C,0
330,2,Passenger_330,female,28.314663704649625,0,1,Ticket_330,9.205351971070387,,S,1
331,2,Passenger_331,male,0.0,0,0,Ticket_331,288.8219210193449,,Q,1
332,3,Passenger_332,male,41.863903480105904,1,0,Ticket_332,10.041148973283972,,S,0
333,1,Passenger_333,female,22.50540539664508,1,0,Ticket_333,2.3414123480663616,,Q,1
334,1,Passenger_334,male,,2,0,Ticket_334,17.086736952537063,,S,1
335,1,Passenger_335,male,34.647724627966205,0,1,Ticket_335,9.901792583595716,,S,1
336,1,Passenger_336,male,32.66699551690693,0,0,Ticket_336,18.92559067279612,G,S,1
337,3,Passenger_337,male,39.93232543994655,0,0,Ticket_337,10.377942579319246,,S,0
338,3,Passenger_338,female,23.903190812022192,0,1,Ticket_338,173.93010784109572,,S,0
339,3,Passenger_339,male,37.18348117446516,0,0,Ticket_339,23.761889282811637,,S,0
340,1,Passenger_340,female,26.36634651382516,1,0,Ticket_340,3.3536270000244093,E,S,1
341,3,Passenger_341,male,40.34334673242504,0,0,Ticket_341,14.146343240088687,B,S,0
342,3,Passenger_342,male,38.615144776182746,1,0,Ticket_342,4.666662793579494,,S,0
343,1,Passenger_343,male,16.903858171375667,0,0,Ticket_343,9.049806615192017,,S,0
344,2,Passenger_344,female,45.20374962645045,1,1,Ticket_344,4.0856104222502605,,S,1
345,2,Passenger_345,male,22.496511768403327,1,1,Ticket_345,152.71023362847984,,S,0
346,3,Passenger_346,female,41.31280917593603,1,0,Ticket_346,5.313966067287733,,C,0
347,3,Passenger_347,male,35.142022387618766,0,0,Ticket_347,27.801145430755852,D,Q,0
348,1,Passenger_348,female,55.734571475131716,1,0,Ticket_348,8.263305538576395,,S,1
349,2,Passenger_349,male,26.87147624679407,0,1,Ticket_349,3.0340676953216743,,Q,1
350,3,Passenger_350,female,25.109564854345237,0,0,Ticket_350,15.443360401180204,G,S,0
351,3,Passenger_351,female,29.728125517571744,2,0,Ticket_351,19.704168345480724,,C,0
352,3,Passenger_352,female,25.755483040320144,1,1,Ticket_352,23.815862238936106,F,S,0
353,3,Passenger_353,female,41.1991866271887,0,1,Ticket_353,0.5237907610139123,,S,0
354,1,Passenger_354,female,7.3716514818877705,0,0,Ticket_354,2.76816637796983,,S,1
355,1,Passenger_355,male,15.248446131951043,2,0,Ticket_355,38.4387345269877,,S,1
356,3,Passenger_356,male,,0,0,Ticket_356,4.021567069155535,,S,0
357,1,Passenger_357,male,43.30430628763006,0,0,Ticket_357,15.541795213508534,,S,0
358,3,Passenger_358,female,53.948587216146954,3,0,Ticket_358,2.692231397959133,,S,0
359,3,Passenger_359,male,28.5377109404754,1,2,Ticket_359,29.309782165000847,,C,0
360,3,Passenger_360,female,27.63649587533985,0,0,Ticket_360,37.2452163034405,,S,0
361,2,Passenger_361,male,30.98073028358454,0,0,Ticket_361,29.320645351689766,,S,0
362,3,Passenger_362,male,46.26629623651466,1,0,Ticket_362,42.058780469043526,,S,1
363,3,Passenger_363,male,,0,2,Ticket_363,79.57342448719739,,S,0
364,3,Passenger_364,female,,1,0,Ticket_364,2.977580452606647,,S,0
365,3,Passenger_365,male,43.65276681695401,0,0,Ticket_365,4.728432170839326,,C,0
366,2,Passenger_366,male,37.01531837915783,1,0,Ticket_366,35.76795154987586,,C,0
367,3,Passenger_367,male,32.65414263238241,1,0,Ticket_367,47.28833871016243,,S,0
368,3,Passenger_368,male,44.01464529593998,0,0,Ticket_368,5.4237554106449375,,S,0
369,1,Passenger_369,male,,1,1,Ticket_369,4.989505075656622,,S,1
370,1,Passenger_370,male,39.49025447343271,0,0,Ticket_370,5.569714590175725,,S,0
371,1,Passenger_371,female,20.842940436216068,1,1,Ticket_371,1.7751519823965873,G,S,1
372,1,Passenger_372,male,,1,0,Ticket_372,2.649329479535459,,S,1
373,1,Passenger_373,male,,0,0,Ticket_373,2.727127414144199,,S,1
374,3,Passenger_374,male,,0,0,Ticket_374,8.559842850795818,,Q,0
375,1,Passenger_375,male,,1,0,Ticket_375,16.86100937817346,,C,1
376,2,Passenger_376,male,43.340243660841146,1,1,Ticket_376,20.49472217196124,,Q,1
377,3,Passenger_377,male,,2,0,Ticket_377,6.617550564180225,,C,1
378,1,Passenger_378,male,48.408802350176664,0,1,Ticket_378,6.815609256299897,,Q,0
379,3,Passenger_379,male,,0,2,Ticket_379,14.131322594358931,,C,0
380,2,Passenger_380,female,40.38978487500649,0,1,Ticket_380,2.0234066097120316,,S,1
381,1,Passenger_381,female,31.0560709446223,0,1,Ticket_381,38.525818945937395,E,S,1
382,3,Passenger_382,female,7.572478633439641,0,2,Ticket_382,56.966440701066325,,S,0
383,3,Passenger_383,male,26.55512516618072,1,0,Ticket_383,5.750594465526669,,Q,0
384,3,Passenger_384,male,18.194547665573317,0,2,Ticket_384,7.552484702447701,,S,0
385,3,Passenger_385,male,60.393198044969395,0,1,Ticket_385,54.161735379745224,,S,0
386,3,Passenger_386,male,,0,0,Ticket_386,10.510114621878499,,C,0
387,2,Passenger_387,female,31.7248672949828,0,0,Ticket_387,24.677565095186257,,S,0
388,1,Passenger_388,male,37.72079526456655,0,0,Ticket_388,10.905132254302618,,C,1
389,3,Passenger_389,male,30.610434249214354,0,1,Ticket_389,78.85169945401408,,S,0
390,3,Passenger_390,male,,1,1,Ticket_390,21.935263644570554,,S,0
391,3,Passenger_391,female,21.28290893571767,1,0,Ticket_391,23.50438327983299,,S,1
392,2,Passenger_392,male,32.724504373321395,0,0,Ticket_392,24.03636390800203,,S,0
393,2,Passenger_393,male,,2,0,Ticket_393,6.258017967745419,,S,0
394,3,Passenger_394,male,11.51968484291012,1,0,Ticket_394,6.987431503352764,E,S,0
395,2,Passenger_395,male,,2,0,Ticket_395,30.66416679402253,,S,0
396,3,Passenger_396,male,29.48148484132223,1,0,Ticket_396,14.178055689698562,,C,1
397,3,Passenger_397,male,23.98976885675836,1,0,Ticket_397,2.964969633147891,,C,0
398,2,Passenger_398,male,20.306106281766017,1,0,Ticket_398,115.32166486143352,,S,0
399,3,Passenger_399,male,10.311555508594324,0,0,Ticket_399,39.396864848176044,,S,0
400,3,Passenger_400,male,28.836521983198274,0,2,Ticket_400,12.745159960770668,,S,1
401,1,Passenger_401,male,,4,0,Ticket_401,8.774052811707417,,C,0
402,3,Passenger_402,male,40.64078349165444,0,0,Ticket_402,15.462396267344694,,S,0
403,3,Passenger_403,female,31.154156541083047,0,1,Ticket_403,22.669584110637867,,Q,1
404,3,Passenger_404,female,9.594279007490972,0,0,Ticket_404,1.0622604283539991,G,S,0
405,2,Passenger_405,male,25.671072921301914,0,0,Ticket_405,153.67187560230403,,S,1
406,3,Passenger_406,male,,0,0,Ticket_406,4.721557995856616,,S,0
407,2,Passenger_407,male,34.46844314586853,0,0,Ticket_407,12.15466735435673,,C,1
408,1,Passenger_408,male,48.76630624432403,0,1,Ticket_408,12.70302633707656,,S,1
409,3,Passenger_409,female,3.747585424959574,0,0,Ticket_409,133.78315761133413,,S,0
410,1,Passenger_410,male,31.61036510806384,0,0,Ticket_410,10.959990237626531,,S,0
411,2,Passenger_411,female,27.758140862067034,3,0,Ticket_411,81.9581501716812,,S,1
412,3,Passenger_412,male,39.39876107030652,0,1,Ticket_412,19.847398951399065,,S,0
413,3,Passenger_413,male,32.98475279532765,1,1,Ticket_413,3.8410208028704407,,S,1
414,3,Passenger_414,female,,0,0,Ticket_414,14.319882579214614,,S,1
415,3,Passenger_415,female,25.533244900667345,0,1,Ticket_415,10.567566369215658,,Q,0
416,2,Passenger_416,female,18.855638004751153,0,1,Ticket_416,3.317181306038463,,S,1
417,2,Passenger_417,female,,0,1,Ticket_417,18.713914224820275,,S,1
418,2,Passenger_418,male,,0,0,Ticket_418,12.50993714167392,C,Q,1
419,3,Passenger_419,female,56.6166696005421,1,2,Ticket_419,23.752933687828023,,Q,0
420,3,Passenger_420,male,29.150748606595307,0,2,Ticket_420,15.363942001536754,,S,0
421,3,Passenger_421,female,20.08230526325352,1,0,Ticket_421,5.577142361298836,,C,0
422,3,Passenger_422,male,,0,0,Ticket_422,30.63063925182068,,S,0
423,1,Passenger_423,female,4.7560445324167695,1,0,Ticket_423,5.758759366198224,,C,1
424,3,Passenger_424,male,,0,0,Ticket_424,0.2953469159386087,C,S,0
425,1,Passenger_425,male,33.73977311416077,0,0,Ticket_425,14.216219591879545,A,S,1
426,3,Passenger_426,male,37.122150325219074,0,0,Ticket_426,6.265832918016852,,S,0
427,2,Passenger_427,female,7.863330171550132,0,1,Ticket_427,19.270137257802293,,S,1
428,3,Passenger_428,male,42.53053639706562,1,0,Ticket_428,134.1080855135941,F,S,0
429,2,Passenger_429,male,23.237145276431846,0,0,Ticket_429,138.8352018813724,,S,0
430,1,Passenger_430,male,32.05510216779769,0,1,Ticket_430,9.992676686253583,,C,1
431,1,Passenger_431,male,52.57108879557594,0,0,Ticket_431,4.5185077453701865,,C,0
432,3,Passenger_432,female,42.55575042211745,1,0,Ticket_432,24.572303588931124,,Q,1
433,3,Passenger_433,male,26.24057092931835,0,0,Ticket_433,7.81253339614837,,S,1
434,1,Passenger_434,female,,0,0,Ticket_434,19.494489323111395,A,C,1
435,1,Passenger_435,male,,0,0,Ticket_435,5.512218012821044,,C,1
436,3,Passenger_436,male,19.93185353060612,0,0,Ticket_436,16.45831629360382,,S,0
437,1,Passenger_437,female,27.044176656412276,1,0,Ticket_437,4.598044099201121,,S,1
438,3,Passenger_438,female,16.179486619883427,0,0,Ticket_438,50.45612260199309,G,S,1
439,3,Passenger_439,male,28.162402460707735,0,2,Ticket_439,6.001604025582828,,C,0
440,1,Passenger_440,male,31.075926361422756,1,0,Ticket_440,26.932212014896052,,C,0
441,1,Passenger_441,female,26.8520162546869,1,0,Ticket_441,2.6705361571582324,,S,0
442,3,Passenger_442,male,20.899963868471563,1,0,Ticket_442,31.106245779134184,,Q,0
443,2,Passenger_443,female,32.36116540753419,0,1,Ticket_443,3.8203388270977485,,S,1
444,2,Passenger_444,female,36.187169093971725,3,1,Ticket_444,16.6666908601738,,S,1
445,3,Passenger_445,female,14.734412915800156,0,1,Ticket_445,41.58922702637149,,S,0
446,3,Passenger_446,male,,0,1,Ticket_446,9.583285830368625,F,C,1
447,3,Passenger_447,female,28.619766148020336,1,0,Ticket_447,3.5430916983545626,,S,1
448,3,Passenger_448,male,,0,0,Ticket_448,22.11320648525534,,S,0
449,2,Passenger_449,male,,1,0,Ticket_449,4.440745737407317,,S,1
450,1,Passenger_450,male,33.26502583768902,1,3,Ticket_450,7.500016953177117,,S,0
451,3,Passenger_451,male,43.34391287478543,0,1,Ticket_451,16.75262883609394,,Q,1
452,3,Passenger_452,female,34.01973831282554,0,0,Ticket_452,62.352966135070346,,C,0
453,2,Passenger_453,female,21.42587675503387,1,0,Ticket_453,12.57692800309844,,S,1
454,3,Passenger_454,female,35.06104935288542,0,0,Ticket_454,12.521272674380413,,S,0
455,1,Passenger_455,male,13.987833097510734,1,0,Ticket_455,29.518449432323216,A,S,1
456,3,Passenger_456,male,31.519835880871323,0,0,Ticket_456,12.941591548804698,,S,0
457,1,Passenger_457,male,29.53478013097755,0,0,Ticket_457,26.11830056770643,,S,1
458,3,Passenger_458,female,27.086363998184446,0,1,Ticket_458,44.44445713350286,,S,0
459,1,Passenger_459,male,28.20047483985497,1,0,Ticket_459,8.22119371788492,,S,1
460,1,Passenger_460,female,3.6541133630330513,0,0,Ticket_460,0.23930586851479652,,C,1
461,1,Passenger_461,male,,0,0,Ticket_461,4.565314875573507,E,S,1
462,3,Passenger_462,male,31.299828615975606,1,0,Ticket_462,51.95710181437957,,C,0
463,3,Passenger_463,female,32.2379894879636,0,0,Ticket_463,11.6987530865224,,S,0
464,3,Passenger_464,male,15.612548027036587,0,0,Ticket_464,8.109560504726053,,S,0
465,3,Passenger_465,female,,0,1,Ticket_465,49.40946434841119,,S,0
466,2,Passenger_466,female,17.873552124996987,0,1,Ticket_466,10.787737803507094,,Q,0
467,2,Passenger_467,male,43.572400807374315,0,0,Ticket_467,0.9890208685755404,,S,1
468,3,Passenger_468,male,35.980721066203586,1,1,Ticket_468,2.000980932938815,,C,0
469,1,Passenger_469,male,20.952817662186757,2,0,Ticket_469,20.133349615320153,,S,1
470,3,Passenger_470,female,,0,1,Ticket_470,11.242833124972648,,C,0
471,1,Passenger_471,male,13.28908435540928,0,1,Ticket_471,69.79677285951067,,S,0
472,3,Passenger_472,male,42.86815843054002,1,1,Ticket_472,5.053482347662147,,S,0
473,1,Passenger_473,male,44.00815245260169,0,0,Ticket_473,8.403086556802412,,S,1
474,3,Passenger_474,female,20.611317072926973,0,0,Ticket_474,4.214775434466954,,S,0
475,3,Passenger_475,male,,2,0,Ticket_475,6.522690777792591,,C,0
476,3,Passenger_476,female,26.49934879561466,1,0,Ticket_476,1.2582417607811505,,C,1
477,1,Passenger_477,female,34.041710809918,0,0,Ticket_477,7.668939985375896,B,S,1
478,3,Passenger_478,male,,1,0,Ticket_478,11.447339712391562,,S,0
479,3,Passenger_479,male,28.119677619412332,0,0,Ticket_479,10.343962219349862,,C,0
480,3,Passenger_480,female,41.35131582423695,0,0,Ticket_480,160.68789070462117,,S,1
481,3,Passenger_481,male,,2,1,Ticket_481,109.96712886259108,A,S,1
482,3,Passenger_482,female,5.5205523746654706,1,0,Ticket_482,4.9476891779687975,,C,1
483,3,Passenger_483,male,,0,0,Ticket_483,1.0484112954697882,,Q,0
484,3,Passenger_484,male,6.7251121675005585,0,0,Ticket_484,10.815275970709912,F,C,0
485,3,Passenger_485,female,44.455646860783204,0,1,Ticket_485,19.140608274653346,,S,0
486,3,Passenger_486,male,45.77387191558617,0,1,Ticket_486,4.338024724657259,,S,0
487,1,Passenger_487,male,14.726469976987225,1,1,Ticket_487,4.603556879095285,,S,1
488,2,Passenger_488,male,24.248599968635812,0,1,Ticket_488,81.37482607302897,,S,0
489,3,Passenger_489,male,14.5201346411969,0,0,Ticket_489,8.94359930179217,,C,1
490,3,Passenger_490,male,,0,0,Ticket_490,26.969328069247574,,S,0
491,3,Passenger_491,male,25.68752002139962,1,0,Ticket_491,3.989369357218485,,S,0
492,3,Passenger_492,female,40.91524745177076,0,1,Ticket_492,11.377883753863829,G,C,0
493,2,Passenger_493,male,48.34432244567452,1,0,Ticket_493,8.136775535196177,,S,1
494,1,Passenger_494,female,49.53957335105939,0,1,Ticket_494,5.417053936039018,,S,1
495,3,Passenger_495,male,22.129647627903772,0,2,Ticket_495,48.733198594550025,G,S,0
496,2,Passenger_496,female,27.07089376757661,0,1,Ticket_496,2.3010086917842583,,S,0
497,3,Passenger_497,male,,2,0,Ticket_497,17.46271768941389,A,Q,0
498,1,Passenger_498,female,18.717819069053355,1,0,Ticket_498,7.955424423471976,A,Q,1
499,3,Passenger_499,male,,0,0,Ticket_499,20.041184443618043,,S,0
500,3,Passenger_500,male,52.61815952967524,0,2,Ticket_500,8.08578871654582,,Q,1
501,3,Passenger_501,male,,0,0,Ticket_501,34.488697935817015,,S,1
502,3,Passenger_502,male,,0,1,Ticket_502,3.944636791890286,,S,0
503,2,Passenger_503,male,29.630319402575022,1,0,Ticket_503,48.865119046014556,F,S,0
504,3,Passenger_504,male,33.92225622347449,0,0,Ticket_504,11.768621167814885,,S,0
505,3,Passenger_505,female,18.665550721096956,0,1,Ticket_505,2.4739027519687524,,S,0
506,1,Passenger_506,male,35.93685462249726,0,1,Ticket_506,27.557054019313444,,S,1
507,3,Passenger_507,male,23.366249141007174,0,0,Ticket_507,9.596325912576374,,S,0
508,3,Passenger_508,male,,0,0,Ticket_508,1.5692448064455389,,Q,1
509,3,Passenger_509,female,37.647979472051794,0,1,Ticket_509,18.155284956659365,C,Q,0
510,3,Passenger_510,male,30.08991177735313,1,2,Ticket_510,40.76870930347057,,S,0
511,3,Passenger_511,male,23.89059753262804,0,1,Ticket_511,56.74473566419364,,C,0
512,2,Passenger_512,male,28.46546274503837,0,1,Ticket_512,7.7367193478367104,C,Q,0
513,3,Passenger_513,female,28.762918571125304,0,0,Ticket_513,14.503379139666317,,Q,0
514,3,Passenger_514,female,24.819845581650213,0,0,Ticket_514,12.944145634220938,,S,0
515,1,Passenger_515,male,,1,1,Ticket_515,72.80343643642506,,S,1
516,1,Passenger_516,female,52.381060387066036,1,1,Ticket_516,4.6062482689555,,C,0
517,2,Passenger_517,female,37.85287227117734,0,0,Ticket_517,6.9755324196081085,,S,1
518,3,Passenger_518,male,25.863275547591755,0,0,Ticket_518,4.474236079488309,,S,0
519,3,Passenger_519,female,39.7573616631503,1,1,Ticket_519,2.1404570313100946,,C,0
520,1,Passenger_520,male,,1,0,Ticket_520,16.40103786472942,,S,1
521,3,Passenger_521,male,,1,0,Ticket_521,83.2258501204204,,S,0
522,2,Passenger_522,male,35.17499069077331,1,1,Ticket_522,9.600533307370933,,S,0
523,3,Passenger_523,male,28.497769983940795,1,0,Ticket_523,4.22797880145411,,S,0
524,3,Passenger_524,male,,0,2,Ticket_524,15.244696051852367,,Q,1
525,3,Passenger_525,female,8.007733871041012,0,0,Ticket_525,24.703422938217727,,S,0
526,3,Passenger_526,male,14.225255435262726,1,0,Ticket_526,10.098271141396697,,C,0
527,2,Passenger_527,male,13.285049910413225,1,1,Ticket_527,65.64375025969088,,S,1
528,2,Passenger_528,male,32.00120332669189,0,1,Ticket_528,4.595905171105775,,S,0
529,1,Passenger_529,female,54.255209992791286,0,0,Ticket_529,8.63338302821888,,S,1
530,3,Passenger_530,male,61.238202046696856,2,0,Ticket_530,17.377660218144136,,Q,0
531,3,Passenger_531,male,38.9327154201706,0,0,Ticket_531,19.522282453925946,,S,0
532,3,Passenger_532,male,37.011822649222395,1,0,Ticket_532,12.89286052852337,,S,1
533,3,Passenger_533,male,4.785191721861654,0,0,Ticket_533,2.627140764914719,,S,1
534,3,Passenger_534,female,22.402566803723694,3,1,Ticket_534,201.46460029755283,A,S,0
535,3,Passenger_535,female,18.971027473284657,0,0,Ticket_535,9.17824584494395,C,S,0
536,3,Passenger_536,male,21.308133624484377,0,1,Ticket_536,13.906008630410621,,S,0
537,3,Passenger_537,female,27.645986539812945,1,0,Ticket_537,25.536615183444017,,S,0
538,2,Passenger_538,male,23.390731912240216,1,1,Ticket_538,5.675698076177644,,S,1
539,3,Passenger_539,female,2.2898026547389705,2,1,Ticket_539,13.043784085992353,,S,0
540,1,Passenger_540,male,,0,1,Ticket_540,5.40525546647005,G,S,0
541,3,Passenger_541,male,14.98159763964271,0,0,Ticket_541,20.05865817601953,,Q,1
542,3,Passenger_542,male,33.34945609755609,0,0,Ticket_542,8.747542657056917,,S,0
543,1,Passenger_543,female,59.03715737649963,0,0,Ticket_543,16.818210080918735,,S,1
544,3,Passenger_544,male,17.128615717790073,0,1,Ticket_544,3.4700020481976357,,Q,0
545,3,Passenger_545,male,0.0,2,0,Ticket_545,4.505506336988396,,S,0
546,2,Passenger_546,male,25.995940893678448,0,1,Ticket_546,2.367492049223283,G,S,1
547,1,Passenger_547,female,,1,0,Ticket_547,5.193271808454651,,S,1
548,3,Passenger_548,male,57.416864359088315,0,0,Ticket_548,0.5553098168449896,,S,0
549,3,Passenger_549,female,12.786305677666164,0,1,Ticket_549,8.42732795475263,B,Q,0
550,3,Passenger_550,female,,0,1,Ticket_550,6.416749452331363,,C,0
551,3,Passenger_551,male,23.485653605079253,0,1,Ticket_551,14.601045800936248,,S,0
552,3,Passenger_552,female,28.5167230397421,1,0,Ticket_552,12.85238335604132,,C,0
553,3,Passenger_553,male,,0,0,Ticket_553,55.06397671240528,,Q,0
554,3,Passenger_554,female,,0,0,Ticket_554,274.0120878700248,,S,1
555,3,Passenger_555,male,33.55235526092403,0,1,Ticket_555,47.70550575090939,,S,0
556,2,Passenger_556,female,36.547704404716065,1,0,Ticket_556,7.072902214301061,,S,0
557,1,Passenger_557,female,45.201008549150856,1,0,Ticket_557,6.739131778282545,,S,0
558,1,Passenger_558,female,,2,0,Ticket_558,34.5495888786314,,Q,1
559,3,Passenger_559,female,34.312707553057436,0,0,Ticket_559,1.6160523696130866,,C,0
560,3,Passenger_560,male,24.516920056094925,0,0,Ticket_560,8.345783895099917,,S,0
561,3,Passenger_561,male,33.767777177431505,0,0,Ticket_561,9.154233756928097,,S,0
562,1,Passenger_562,female,,1,1,Ticket_562,24.55603826361441,,C,1
563,1,Passenger_563,male,38.70200645798471,0,0,Ticket_563,25.448062625622494,,S,1
564,1,Passenger_564,male,24.825455295389126,3,2,Ticket_564,4.9854683533512105,,C,0
565,2,Passenger_565,female,35.27940551463061,1,0,Ticket_565,7.409424759174485,,S,0
566,3,Passenger_566,female,29.590320608410302,0,0,Ticket_566,20.78278720316915,D,C,0
567,2,Passenger_567,female,45.76470351081035,0,0,Ticket_567,4.670635822761738,,C,1
568,2,Passenger_568,male,29.280487869761192,0,1,Ticket_568,51.797512233360905,,C,1
569,3,Passenger_569,female,5.177545445103661,0,0,Ticket_569,25.305209411438675,,S,0
570,2,Passenger_570,male,47.66690100999588,1,0,Ticket_570,14.96645641272409,,S,1
571,3,Passenger_571,female,17.319747787923333,1,0,Ticket_571,19.4749440324416,G,S,1
572,3,Passenger_572,male,20.84727125891652,0,0,Ticket_572,6.956881124875011,,S,0
573,2,Passenger_573,female,21.66074188339111,0,0,Ticket_573,5.745691636645418,,S,0
574,3,Passenger_574,female,49.242133304391444,0,0,Ticket_574,7.317972733450048,,Q,0
575,3,Passenger_575,male,0.10056100429826387,0,0,Ticket_575,22.197064062860708,E,S,0
576,3,Passenger_576,female,73.92847947123991,0,2,Ticket_576,15.50585937755503,C,S,0
577,1,Passenger_577,male,44.78479532692472,0,1,Ticket_577,7.335625238382118,,S,1
578,3,Passenger_578,female,,0,0,Ticket_578,29.94906459846904,,Q,0
579,3,Passenger_579,female,29.23148399137199,0,0,Ticket_579,9.887430393261875,,S,0
580,2,Passenger_580,male,33.997757048007195,1,0,Ticket_580,5.301697780967237,,C,0
581,3,Passenger_581,female,37.295713997310735,1,0,Ticket_581,16.530543834792923,,S,0
582,3,Passenger_582,female,39.0330182033008,2,0,Ticket_582,3.6123718763403536,,C,0
583,3,Passenger_583,male,37.77846252404828,1,0,Ticket_583,1.6085473426802754,,S,0
584,2,Passenger_584,male,31.254129537573483,0,0,Ticket_584,12.108098295107041,,S,1
585,3,Passenger_585,female,27.237262115697433,0,0,Ticket_585,5.53506576386407,,S,0
586,2,Passenger_586,female,27.882174028850837,0,0,Ticket_586,8.980133753445102,C,S,0
587,1,Passenger_587,female,27.271284075062464,2,1,Ticket_587,3.8187398967040713,,S,0
588,1,Passenger_588,female,45.8727813561389,0,0,Ticket_588,51.972699320322334,,S,1
589,1,Passenger_589,male,,0,0,Ticket_589,5.508039252460265,E,S,1
590,1,Passenger_590,female,0.0,0,0,Ticket_590,7.254346062749594,,S,1
591,1,Passenger_591,male,39.18261087141666,1,0,Ticket_591,19.172173311876815,,S,0
592,3,Passenger_592,male,32.726306726062845,0,0,Ticket_592,2.3351189733635067,,Q,1
593,1,Passenger_593,male,29.738077409757437,0,0,Ticket_593,2.1368660052498947,,S,0
594,2,Passenger_594,male,24.5607416567556,1,0,Ticket_594,19.242923886266592,,S,0
595,3,Passenger_595,male,,1,2,Ticket_595,7.14249991659421,D,S,0
596,3,Passenger_596,male,,0,0,Ticket_596,4.129704570001271,,S,0
597,3,Passenger_597,female,19.179712650469472,0,1,Ticket_597,25.129634511467493,G,S,0
598,1,Passenger_598,male,35.69873201974349,0,0,Ticket_598,4.598333747501873,F,C,0
599,1,Passenger_599,male,,0,0,Ticket_599,8.763411243810825,,Q,0
600,1,Passenger_600,male,10.685345692954971,3,1,Ticket_600,4.156375574723778,,C,1
601,1,Passenger_601,male,21.225958855740487,1,0,Ticket_601,17.53369789762831,,S,1
602,2,Passenger_602,male,42.07350861335863,0,1,Ticket_602,60.249328751823455,,S,0
603,1,Passenger_603,male,43.34375063526521,0,0,Ticket_603,1.3057166991866813,F,S,1
604,1,Passenger_604,male,37.1831958813621,0,1,Ticket_604,13.94595115703701,,S,1
605,1,Passenger_605,female,40.151341015871964,1,0,Ticket_605,34.052591224190586,,C,0
606,3,Passenger_606,male,37.226496019609414,0,0,Ticket_606,7.346519790757191,,S,0
607,1,Passenger_607,male,21.01925766687867,1,0,Ticket_607,3.1353761497069286,,S,0
608,2,Passenger_608,male,36.04691562543517,0,0,Ticket_608,20.189370086432742,,S,1
609,3,Passenger_609,female,41.205733353187554,0,0,Ticket_609,40.527639739828054,,S,0
610,3,Passenger_610,male,,2,0,Ticket_610,35.467848610726534,,S,0
611,1,Passenger_611,male,46.644787200645,0,1,Ticket_611,18.898663504125267,,S,0
612,3,Passenger_612,male,39.91625386081489,0,0,Ticket_612,13.701379005858074,,S,0
613,3,Passenger_613,male,34.92027490558216,1,0,Ticket_613,4.142025558560934,,C,1
614,1,Passenger_614,male,44.98210333642999,0,1,Ticket_614,34.40816670479984,,Q,1
615,3,Passenger_615,male,29.62870237051316,0,0,Ticket_615,32.19941150119708,,S,0
616,3,Passenger_616,male,17.653754882811953,0,0,Ticket_616,3.109089809540865,,S,0
617,1,Passenger_617,male,27.717062504787307,0,0,Ticket_617,18.866270034539742,,S,1
618,2,Passenger_618,male,19.571362972709714,1,0,Ticket_618,26.665981465282506,E,S,1
619,3,Passenger_619,female,20.54750415035866,0,1,Ticket_619,35.11177437468827,,S,0
620,3,Passenger_620,female,27.97673860998275,2,0,Ticket_620,11.134099842210192,,C,0
621,1,Passenger_621,female,18.90612110600054,0,0,Ticket_621,4.353233537986714,F,S,0
622,1,Passenger_622,female,,0,1,Ticket_622,6.6689377152518965,B,S,0
623,2,Passenger_623,male,3.489394662647001,1,0,Ticket_623,3.637512867152427,,Q,0
624,3,Passenger_624,male,,2,0,Ticket_624,11.458447167208519,,S,0
625,3,Passenger_625,male,30.01687665507114,0,0,Ticket_625,9.058807819252705,,S,0
626,2,Passenger_626,male,18.560759165045333,0,0,Ticket_626,159.81928448364715,,S,0
627,3,Passenger_627,female,39.22943935805367,0,0,Ticket_627,35.64513140040774,,S,0
628,3,Passenger_628,male,43.125981926771814,0,0,Ticket_628,38.995945542119784,,S,1
629,1,Passenger_629,female,7.4941618988343635,2,0,Ticket_629,21.44781958146149,,S,1
630,2,Passenger_630,male,19.321853100073,1,0,Ticket_630,7.839843120311637,,S,0
631,3,Passenger_631,female,19.232007102977825,0,0,Ticket_631,8.754186555414469,,S,0
632,3,Passenger_632,male,16.841356584475896,0,0,Ticket_632,9.77039446355862,,S,0
633,3,Passenger_633,male,41.61264778704448,1,3,Ticket_633,15.269844369118308,,S,0
634,3,Passenger_634,male,27.28643405718075,1,0,Ticket_634,19.43360477186313,,Q,1
635,1,Passenger_635,male,26.29679222165145,0,1,Ticket_635,12.192857789462543,,C,1
636,2,Passenger_636,male,1.9459268983054514,0,0,Ticket_636,8.595869757901653,,S,0
637,3,Passenger_637,male,38.89585242292917,0,0,Ticket_637,5.971876761511793,,S,1
638,2,Passenger_638,female,,2,0,Ticket_638,2.2906176346611216,,S,0
639,2,Passenger_639,male,,0,1,Ticket_639,56.8294682297972,E,C,1
640,2,Passenger_640,male,33.88327713141469,0,0,Ticket_640,171.85231631691346,,S,0
641,1,Passenger_641,male,,0,1,Ticket_641,51.37769542399032,F,S,1
642,2,Passenger_642,female,,0,0,Ticket_642,2.688870585836931,,C,0
643,1,Passenger_643,male,0.0,0,1,Ticket_643,31.32510596598007,,C,1
644,2,Passenger_644,male,,1,0,Ticket_644,41.617949890060046,,S,1
645,1,Passenger_645,male,55.20715654115195,0,0,Ticket_645,7.507291600541025,,S,0
646,3,Passenger_646,male,47.34524894115212,0,0,Ticket_646,21.904951070877452,G,Q,0
647,3,Passenger_647,female,32.93523181384476,0,1,Ticket_647,7.045832878287134,,S,0
648,3,Passenger_648,male,23.117093401151337,0,0,Ticket_648,76.30319364042288,,S,0
649,3,Passenger_649,male,41.299716352922346,1,0,Ticket_649,18.886457043283446,,S,0
650,3,Passenger_650,female,16.370353204137437,0,0,Ticket_650,4.052821926069908,B,S,0
651,1,Passenger_651,male,36.66900877098707,0,1,Ticket_651,27.215038801134696,,S,1
652,3,Passenger_652,male,37.076582228332775,1,0,Ticket_652,43.403357861248374,,C,0
653,3,Passenger_653,male,,0,0,Ticket_653,15.452301881858768,,S,1
654,3,Passenger_654,female,68.63524054475508,0,1,Ticket_654,21.6570282032102,,S,0
655,2,Passenger_655,male,35.49382354050274,2,0,Ticket_655,11.204280411928005,,S,0
656,1,Passenger_656,female,22.874509240095016,3,0,Ticket_656,3.1232166747714705,B,S,1
657,2,Passenger_657,male,29.641959629312076,1,0,Ticket_657,10.154525720409932,,C,1
658,2,Passenger_658,male,5.232937331552343,1,1,Ticket_658,22.820233110282416,,S,0
659,3,Passenger_659,male,20.274016164753185,1,1,Ticket_659,10.447552687713047,,S,1
660,3,Passenger_660,female,24.270045866416545,1,1,Ticket_660,31.846214217720675,,S,0
661,2,Passenger_661,male,22.662762428915705,0,0,Ticket_661,7.6093832701774735,,S,0
662,3,Passenger_662,female,,1,0,Ticket_662,8.232510470022977,D,C,0
663,3,Passenger_663,female,18.486120946649194,1,0,Ticket_663,33.02761393920298,F,S,0
664,1,Passenger_664,male,45.6944293425426,0,2,Ticket_664,15.8984722573066,A,S,0
665,1,Passenger_665,male,30.00289890885476,1,0,Ticket_665,7.433033871292874,A,S,1
666,1,Passenger_666,male,,1,0,Ticket_666,42.12184337768193,,Q,1
667,2,Passenger_667,male,25.40947396881915,0,1,Ticket_667,5.330884321853594,,S,1
668,1,Passenger_668,female,32.172669574025704,0,0,Ticket_668,5.091951974947111,,S,0
669,1,Passenger_669,female,41.551375705346885,0,0,Ticket_669,0.4084692784442972,,C,1
670,2,Passenger_670,male,17.860176980047395,0,0,Ticket_670,6.26662380619266,,S,1
671,1,Passenger_671,male,,0,0,Ticket_671,58.58390585253953,,S,0
672,3,Passenger_672,female,25.747835597126695,0,0,Ticket_672,1.0133369305140114,,C,0
673,1,Passenger_673,male,11.15780707137499,0,0,Ticket_673,3.887226151674485,A,S,0
674,3,Passenger_674,female,18.530389963899033,2,1,Ticket_674,20.632804632517974,,S,0
675,2,Passenger_675,male,23.332907770374774,1,0,Ticket_675,0.8237895940785808,D,S,0
676,3,Passenger_676,female,42.241448529978186,1,0,Ticket_676,6.600607325329975,,S,0
677,1,Passenger_677,male,33.67585860602695,1,1,Ticket_677,47.89618512365889,,S,1
678,2,Passenger_678,male,,1,0,Ticket_678,141.40540282135964,,C,1
679,3,Passenger_679,male,41.91257147035161,1,0,Ticket_679,17.25834645289725,,S,0
680,3,Passenger_680,male,28.076794962408446,0,0,Ticket_680,4.007788440610709,,S,0
681,3,Passenger_681,male,35.466507899004455,1,0,Ticket_681,3.849123706232326,,S,0
682,2,Passenger_682,female,28.554895458945055,0,2,Ticket_682,14.496243736292177,,S,1
683,1,Passenger_683,female,33.7150728915948,1,0,Ticket_683,17.067157204203898,,C,0
684,3,Passenger_684,male,21.84137879343785,1,1,Ticket_684,113.24057207024394,,S,0
685,3,Passenger_685,male,0.0,0,1,Ticket_685,39.0548013660871,,S,0
686,3,Passenger_686,male,28.120091729391742,0,2,Ticket_686,13.476235291961366,,Q,0
687,3,Passenger_687,male,49.91847390539916,0,1,Ticket_687,8.147827245687678,,S,0
688,2,Passenger_688,male,42.967015631382296,0,1,Ticket_688,453.7988558885562,,S,0
689,3,Passenger_689,male,43.51556478427639,0,0,Ticket_689,25.83974369639573,,S,0
690,1,Passenger_690,male,47.30583010528705,0,1,Ticket_690,5.460268387163813,,S,1
691,2,Passenger_691,male,31.241206273460126,2,1,Ticket_691,9.304075143816275,,S,0
692,2,Passenger_692,male,32.762419903678335,0,1,Ticket_692,4.250575187423714,,S,1
693,3,Passenger_693,male,21.352873463919096,0,0,Ticket_693,0.6801380878771144,,Q,1
694,2,Passenger_694,female,,0,0,Ticket_694,17.72863607226474,,S,0
695,1,Passenger_695,male,,1,0,Ticket_695,103.4351720925825,,C,1
696,3,Passenger_696,female,46.854382120363425,0,0,Ticket_696,1.7217330268320892,,C,1
697,2,Passenger_697,male,28.047752140466006,0,1,Ticket_697,13.017766978643975,,C,1
698,3,Passenger_698,male,23.697350292080237,0,2,Ticket_698,5.215913625896495,,C,0
699,1,Passenger_699,female,30.007391423992363,2,1,Ticket_699,22.77817932806554,,C,0
700,3,Passenger_700,female,38.41689448500761,0,1,Ticket_700,9.906625858704855,,S,1
701,3,Passenger_701,female,9.786032574130413,2,1,Ticket_701,2.3819855740937483,,S,1
702,1,Passenger_702,male,0.0,0,0,Ticket_702,3.753450473755287,,C,1
703,2,Passenger_703,male,22.29248410711783,0,1,Ticket_703,4.498029273447314,,Q,1
704,1,Passenger_704,female,12.910026037201778,0,0,Ticket_704,61.14094970245256,,S,1
705,1,Passenger_705,male,22.886037232937646,0,0,Ticket_705,57.50725606728245,,S,1
706,3,Passenger_706,male,27.931075536555397,0,1,Ticket_706,8.384481321532558,D,S,1
707,2,Passenger_707,male,23.654522273677813,0,0,Ticket_707,53.16307732459234,G,S,1
708,3,Passenger_708,male,50.334545482590435,0,0,Ticket_708,9.89648251731317,,S,0
709,2,Passenger_709,female,34.57442670443248,1,0,Ticket_709,8.231799893444489,,S,0
710,3,Passenger_710,male,34.206641034551595,0,0,Ticket_710,13.04678063451531,,Q,0
711,3,Passenger_711,male,,0,0,Ticket_711,17.146435927019496,,S,0
712,3,Passenger_712,male,14.056336351069232,0,0,Ticket_712,6.255532352195239,A,S,0
713,3,Passenger_713,male,44.54756502388376,1,0,Ticket_713,12.506379706352545,,S,0
714,2,Passenger_714,male,28.93929998850356,0,0,Ticket_714,31.336608250582948,,S,0
715,2,Passenger_715,male,39.386728641376976,1,1,Ticket_715,14.23135411929895,,S,1
716,3,Passenger_716,male,14.993998737437824,1,0,Ticket_716,12.82427016915639,,C,0
717,3,Passenger_717,female,,0,0,Ticket_717,22.043466566254608,,Q,0
718,3,Passenger_718,male,41.450455212350406,0,0,Ticket_718,27.11392064755527,,S,0
719,1,Passenger_719,male,35.269733365365234,0,1,Ticket_719,11.300658718190833,F,S,1
720,3,Passenger_720,female,17.371278238994854,2,0,Ticket_720,6.896284108259072,,S,0
721,3,Passenger_721,female,17.82471686215428,0,0,Ticket_721,15.28762938104165,,S,0
722,1,Passenger_722,male,45.756086981806774,2,1,Ticket_722,1.799022612211426,,Q,0
723,1,Passenger_723,male,,0,0,Ticket_723,9.465121349026033,,C,1
724,3,Passenger_724,male,52.99742134558349,0,0,Ticket_724,0.6275876791694625,A,C,1
725,3,Passenger_725,female,17.39130971492984,1,1,Ticket_725,1.63076602738677,,S,0
726,3,Passenger_726,female,38.93748695851736,0,0,Ticket_726,1.3614863136829904,,C,0
727,1,Passenger_727,female,25.399341339514216,1,1,Ticket_727,42.8121564276932,,C,1
728,3,Passenger_728,male,38.4446240351528,0,0,Ticket_728,12.388618387876992,C,S,0
729,1,Passenger_729,female,22.382403970401306,0,2,Ticket_729,2.6792614338026204,,C,1
730,1,Passenger_730,male,,0,0,Ticket_730,21.961243750648315,E,S,0
731,1,Passenger_731,male,30.572868455540096,0,0,Ticket_731,39.90036115026021,,S,1
732,3,Passenger_732,male,,0,2,Ticket_732,22.425140368201657,A,S,0
733,3,Passenger_733,female,40.37154083588176,0,1,Ticket_733,9.713802826115362,,S,0
734,3,Passenger_734,male,22.815010069397808,0,0,Ticket_734,16.102651407114216,,S,1
735,2,Passenger_735,female,26.79960118523974,2,0,Ticket_735,35.9380218599067,,S,0
736,3,Passenger_736,male,16.079108755480828,0,0,Ticket_736,6.937246895009757,,S,0
737,2,Passenger_737,male,0.0,0,1,Ticket_737,12.627036990255286,,S,0
738,3,Passenger_738,male,27.325611323597634,0,1,Ticket_738,8.947447950881791,,Q,0
739,2,Passenger_739,male,63.77661590258082,0,0,Ticket_739,1.7575151710064212,,C,0
740,2,Passenger_740,female,40.984460030572336,1,1,Ticket_740,36.59390940181359,,S,0
741,3,Passenger_741,male,29.730354683718474,0,0,Ticket_741,143.8435481838069,,S,0
742,2,Passenger_742,female,26.31952839108425,0,0,Ticket_742,4.269285378248831,,S,1
743,3,Passenger_743,female,30.31452249936865,1,1,Ticket_743,38.67588510314421,,S,0
744,3,Passenger_744,female,37.659667612452935,1,0,Ticket_744,4.435354142345003,,C,0
745,1,Passenger_745,male,13.46862058567617,2,0,Ticket_745,14.28693349716228,C,S,0
746,3,Passenger_746,male,45.600503725364206,0,0,Ticket_746,74.41181466910763,,S,0
747,2,Passenger_747,male,40.015338416177414,0,1,Ticket_747,6.523905616478778,F,Q,0
748,3,Passenger_748,female,40.05460015991108,0,0,Ticket_748,11.969674218857032,,S,0
749,3,Passenger_749,female,36.138660343336184,1,0,Ticket_749,1.4024159167208696,,S,0
750,3,Passenger_750,male,30.27463320771586,1,0,Ticket_750,5.490145661201839,,S,0
751,1,Passenger_751,female,39.42005730353548,0,1,Ticket_751,1.2367329854961058,,C,1
752,3,Passenger_752,male,38.28539787237929,0,1,Ticket_752,20.38937116708239,,S,0
753,3,Passenger_753,male,25.043430046825666,1,0,Ticket_753,33.04813287462338,,S,1
754,2,Passenger_754,male,21.96957517944339,1,1,Ticket_754,9.337496131064627,,S,1
755,1,Passenger_755,female,31.425988133667815,0,2,Ticket_755,17.168294859838543,,S,1
756,3,Passenger_756,male,51.686282120932624,1,0,Ticket_756,8.241014487016757,,C,0
757,3,Passenger_757,female,12.652500940845389,3,1,Ticket_757,29.626061766999634,,S,1
758,3,Passenger_758,female,9.454646279465841,0,0,Ticket_758,14.230027180015792,,S,0
759,3,Passenger_759,female,32.30665177731123,1,0,Ticket_759,1.1243487431292167,,C,0
760,3,Passenger_760,male,30.712427825984253,0,0,Ticket_760,37.636600019229455,,S,0
761,1,Passenger_761,male,32.426783301185715,1,1,Ticket_761,7.6335167233783325,F,S,1
762,2,Passenger_762,male,33.415344770719,0,0,Ticket_762,2.652611521518317,B,S,0
763,2,Passenger_763,male,26.875168435112727,0,0,Ticket_763,7.194229405309229,,Q,1
764,3,Passenger_764,male,50.858088140429146,0,0,Ticket_764,1.2429858413357526,,S,0
765,1,Passenger_765,female,7.587344301328784,1,0,Ticket_765,2.718642912336299,,S,1
766,3,Passenger_766,male,18.401041653076554,2,1,Ticket_766,14.46221711075176,B,S,0
767,3,Passenger_767,male,,0,2,Ticket_767,15.991447108715773,,S,0
768,3,Passenger_768,male,6.99535664384166,1,0,Ticket_768,17.59696776472888,,S,1
769,2,Passenger_769,male,27.538038337951004,1,0,Ticket_769,12.229509484314292,,C,0
770,3,Passenger_770,male,53.260582320192256,2,0,Ticket_770,5.304533603670464,,S,0
771,1,Passenger_771,male,30.292410836143464,0,2,Ticket_771,11.411812836701538,,S,0
772,3,Passenger_772,female,33.22981268006157,1,0,Ticket_772,7.209150080255052,,S,0
773,1,Passenger_773,male,12.357693287583878,1,2,Ticket_773,1.731628131324342,,Q,0
774,2,Passenger_774,female,21.370940287447315,0,0,Ticket_774,4.821581618170079,,S,1
775,3,Passenger_775,female,24.747250675464883,2,0,Ticket_775,35.42612270072919,F,S,1
776,1,Passenger_776,male,25.551988645412724,0,1,Ticket_776,81.93719035402144,,S,0
777,1,Passenger_777,female,47.94301313005276,1,0,Ticket_777,26.61646616272811,,C,0
778,3,Passenger_778,male,,0,0,Ticket_778,77.66753252227313,,C,0
779,3,Passenger_779,female,14.439588602881553,1,0,Ticket_779,13.496985067397226,,S,0
780,3,Passenger_780,male,,0,0,Ticket_780,98.57831433247428,,C,0
781,3,Passenger_781,female,,0,1,Ticket_781,143.36389645842908,,S,0
782,3,Passenger_782,female,45.96208653929773,1,0,Ticket_782,1.521712891003221,,C,0
783,2,Passenger_783,female,52.12756961195723,1,0,Ticket_783,15.891620672134364,,S,1
784,2,Passenger_784,female,15.788681314409839,1,0,Ticket_784,13.51386542521833,F,S,0
785,1,Passenger_785,male,18.647994843055265,0,0,Ticket_785,7.32340527496925,E,S,0
786,3,Passenger_786,male,12.39390997519537,0,0,Ticket_786,21.983642317551883,,S,0
787,3,Passenger_787,male,26.72372197250226,0,0,Ticket_787,12.798782924357814,A,S,0
788,2,Passenger_788,male,36.529017242248685,0,0,Ticket_788,5.040278283451628,,C,1
789,3,Passenger_789,female,43.82268323224743,1,0,Ticket_789,11.79969724519522,,C,0
790,3,Passenger_790,male,28.93668566900468,1,0,Ticket_790,51.70288047996168,,S,0
791,1,Passenger_791,female,25.522134674432184,0,2,Ticket_791,15.165842820094268,,S,1
792,3,Passenger_792,male,32.12461189148237,1,0,Ticket_792,25.850907272154156,G,S,1
793,3,Passenger_793,female,,0,1,Ticket_793,8.736732637467261,,S,1
794,3,Passenger_794,male,59.25354210372683,0,2,Ticket_794,20.957085771814295,,S,0
795,1,Passenger_795,female,7.492745620347179,0,0,Ticket_795,2.8546309303484807,,S,1
796,3,Passenger_796,female,32.58636810454014,0,1,Ticket_796,6.688137272032564,,C,0
797,3,Passenger_797,male,58.33048706921495,0,0,Ticket_797,10.77035733893935,,S,1
798,3,Passenger_798,male,,1,0,Ticket_798,2.633718945931526,,S,0
799,3,Passenger_799,female,,0,0,Ticket_799,4.498481688687153,,S,0
800,3,Passenger_800,male,24.99576408065402,0,1,Ticket_800,17.73844152798484,,S,0
801,3,Passenger_801,male,,0,1,Ticket_801,14.236346393109736,,S,1
802,1,Passenger_802,male,49.219878645471425,2,0,Ticket_802,32.06094137261588,,S,0
803,3,Passenger_803,male,0.0,1,0,Ticket_803,5.926221215939485,,S,0
804,3,Passenger_804,male,51.46807181814856,0,0,Ticket_804,13.054366443889268,B,C,1
805,2,Passenger_805,male,,0,0,Ticket_805,5.439891451712245,,C,0
806,3,Passenger_806,male,26.266867390718193,0,2,Ticket_806,28.427422461667536,G,S,0
807,3,Passenger_807,male,23.990578115818735,0,0,Ticket_807,50.85077377689893,,S,0
808,3,Passenger_808,female,,0,0,Ticket_808,21.758180302862968,,S,0
809,3,Passenger_809,male,7.6262590736275335,0,0,Ticket_809,43.52925024433059,G,C,0
810,1,Passenger_810,female,36.4704173251472,1,1,Ticket_810,12.666995553426993,,C,1
811,3,Passenger_811,male,58.34033472601594,0,1,Ticket_811,32.03126964225493,,S,1
812,3,Passenger_812,male,10.915563935700654,1,0,Ticket_812,13.336455374649118,,S,1
813,1,Passenger_813,male,,0,1,Ticket_813,3.561159948761007,,S,1
814,3,Passenger_814,male,20.732249510847474,2,0,Ticket_814,16.38007515183196,G,S,0
815,3,Passenger_815,male,35.9624208867025,1,0,Ticket_815,3.6900646102477777,,C,1
816,3,Passenger_816,male,30.26806888382053,1,0,Ticket_816,201.7349570181579,,S,1
817,3,Passenger_817,male,,0,1,Ticket_817,8.158776422173494,,S,0
818,2,Passenger_818,male,36.83021198819503,0,1,Ticket_818,26.41799552313015,,Q,1
819,1,Passenger_819,female,55.260873537014405,0,0,Ticket_819,12.00237007539701,,S,1
820,2,Passenger_820,male,27.32734691581782,1,1,Ticket_820,2.7722628253057127,,Q,1
821,3,Passenger_821,male,,0,0,Ticket_821,1.2482871903202617,,C,0
822,1,Passenger_822,female,11.894178589803708,0,0,Ticket_822,29.9286658767698,,Q,1
823,2,Passenger_823,male,16.609890724547878,1,0,Ticket_823,78.19526627296783,,C,1
824,2,Passenger_824,male,36.61368789032528,1,0,Ticket_824,5.04418225938005,,S,1
825,3,Passenger_825,female,50.77762439950351,0,0,Ticket_825,1.6685733443990853,,S,0
826,3,Passenger_826,male,34.97858688299924,0,0,Ticket_826,8.246630734350955,,S,0
827,2,Passenger_827,female,25.61718757267584,0,0,Ticket_827,3.9568946791602437,,S,0
828,2,Passenger_828,female,29.990079675926957,2,1,Ticket_828,5.582413357108843,B,Q,0
829,3,Passenger_829,male,12.494291724423956,0,1,Ticket_829,25.34162852178576,G,C,0
830,3,Passenger_830,male,38.46321456897513,0,0,Ticket_830,11.466667439581387,,S,0
831,1,Passenger_831,male,,1,1,Ticket_831,4.502311490005771,,S,0
832,3,Passenger_832,male,23.670735340336876,0,1,Ticket_832,24.685127666277506,,S,0
833,1,Passenger_833,male,23.419409931366978,0,0,Ticket_833,27.119331527867235,,S,1
834,1,Passenger_834,female,33.72229521512868,1,0,Ticket_834,8.12975686124389,,S,1
835,3,Passenger_835,male,23.885923695431664,0,0,Ticket_835,14.3751328028759,D,S,1
836,2,Passenger_836,male,29.074143395238487,0,1,Ticket_836,22.75084436588951,,S,0
837,3,Passenger_837,female,59.396105048331215,0,2,Ticket_837,20.314273299543885,G,C,1
838,2,Passenger_838,female,,2,0,Ticket_838,12.79093739769123,,S,0
839,3,Passenger_839,male,24.98323787170289,0,2,Ticket_839,67.9725088537889,,Q,0
840,3,Passenger_840,male,,0,0,Ticket_840,24.51332814663629,,S,0
841,1,Passenger_841,male,40.418687600999114,0,0,Ticket_841,7.0935447490093395,,C,0
842,3,Passenger_842,male,27.462861574946558,0,1,Ticket_842,7.1448878771061635,,S,0
843,1,Passenger_843,male,20.908777463500037,1,1,Ticket_843,6.235734530652654,,C,0
844,3,Passenger_844,male,48.49825645182217,0,0,Ticket_844,26.011666181470172,,S,0
845,1,Passenger_845,female,,0,0,Ticket_845,5.770177992691651,,S,0
846,2,Passenger_846,male,,0,0,Ticket_846,7.316419675560031,,S,1
847,1,Passenger_847,male,3.868440680951373,0,0,Ticket_847,43.363881266925674,,S,0
848,3,Passenger_848,male,44.10519165771691,0,0,Ticket_848,15.332248487163547,,S,0
849,3,Passenger_849,male,20.415182439359945,1,0,Ticket_849,51.328140654381706,,S,0
850,3,Passenger_850,female,41.06875838827876,0,0,Ticket_850,31.742987919653743,,S,0
851,1,Passenger_851,female,2.4185465520343037,2,0,Ticket_851,2.9683130805899753,,S,1
852,3,Passenger_852,female,42.49636273619033,1,1,Ticket_852,10.777281245612137,,S,0
853,1,Passenger_853,male,13.043592990069062,0,0,Ticket_853,39.96239344318458,,S,1
854,3,Passenger_854,male,40.23069766693134,0,0,Ticket_854,2.8105739687207505,,S,0
855,1,Passenger_855,male,30.19982294971008,1,1,Ticket_855,20.159043253844413,,S,0
856,1,Passenger_856,male,16.644848128446974,0,1,Ticket_856,11.622190345612402,,S,1
857,1,Passenger_857,male,,0,0,Ticket_857,1.4832765256367455,B,S,1
858,3,Passenger_858,female,39.60845839739381,1,0,Ticket_858,14.063617808678448,,S,0
859,3,Passenger_859,male,31.48252234361328,0,1,Ticket_859,4.459507708359599,,C,1
860,1,Passenger_860,male,38.18178172661478,1,0,Ticket_860,3.0006167817711407,C,S,0
861,3,Passenger_861,male,57.6701681832168,2,1,Ticket_861,12.316856988485814,,S,1
862,3,Passenger_862,male,,1,1,Ticket_862,1.2007861567281752,,S,0
863,3,Passenger_863,male,,0,1,Ticket_863,5.424098165850807,,S,0
864,2,Passenger_864,female,31.46098312532498,0,0,Ticket_864,260.18921153148875,,C,0
865,2,Passenger_865,female,17.417023323476204,0,0,Ticket_865,26.58286597829032,E,S,1
866,3,Passenger_866,female,11.375609239654143,0,1,Ticket_866,4.230372762081957,,S,0
867,1,Passenger_867,male,27.352314529121532,1,0,Ticket_867,65.69344363994432,,S,0
868,1,Passenger_868,male,42.90310156694243,0,0,Ticket_868,3.704497889150069,,C,0
869,3,Passenger_869,male,28.214312314714523,0,0,Ticket_869,6.268680063139204,,S,0
870,3,Passenger_870,male,51.156169023462866,1,0,Ticket_870,3.0690814291608786,,S,0
871,2,Passenger_871,female,9.683540339278174,0,0,Ticket_871,16.56506325601439,,Q,0
872,2,Passenger_872,male,29.830754730155235,0,0,Ticket_872,62.95093078723046,,S,0
873,3,Passenger_873,male,12.466491778216334,0,0,Ticket_873,3.673674990789189,,S,0
874,2,Passenger_874,male,,0,0,Ticket_874,1.0278490884203322,,S,1
875,1,Passenger_875,male,42.41642346136221,0,0,Ticket_875,45.11252884739568,,C,1
876,1,Passenger_876,female,,0,1,Ticket_876,78.61484908945258,,C,0
877,3,Passenger_877,male,0.0,0,0,Ticket_877,1.1117145245052837,D,S,1
878,3,Passenger_878,male,32.78527405515092,0,0,Ticket_878,21.158997097865214,,C,0
879,1,Passenger_879,male,36.11433972426913,0,3,Ticket_879,15.987488099443176,,Q,1
880,1,Passenger_880,male,35.66012656946377,1,0,Ticket_880,4.735226847430454,,S,1
881,1,Passenger_881,female,47.30095068551016,0,0,Ticket_881,2.285930585805053,F,S,1
882,3,Passenger_882,female,15.005248484913317,0,0,Ticket_882,40.04886824390224,,S,1
883,1,Passenger_883,female,,1,0,Ticket_883,15.102867670577103,E,S,0
884,1,Passenger_884,female,46.69510517469165,0,1,Ticket_884,16.532229007191088,,S,0
885,3,Passenger_885,male,,1,1,Ticket_885,5.776955285043604,A,S,0
886,1,Passenger_886,female,34.475125562865685,1,1,Ticket_886,4.653915715799098,,C,1
887,3,Passenger_887,male,22.941482365892597,1,0,Ticket_887,0.6402040985207915,,C,0
888,1,Passenger_888,male,28.858682576576957,1,1,Ticket_888,9.266135073909838,,S,1
889,1,Passenger_889,female,34.86747076953671,0,0,Ticket_889,68.48341884741275,B,S,1
890,2,Passenger_890,male,23.178800102410268,1,0,Ticket_890,4.185786820476401,,S,0
891,3,Passenger_891,female,,0,1,Ticket_891,1.9603094959625522,,S,0
